{
  "_fv": 13,
  "_type": "armor",
  "definition": {
    "enableHelmet": true,
    "textureHelmet": "llamastone_head",
    "enableBody": true,
    "textureBody": "llamastone_body",
    "enableLeggings": true,
    "textureLeggings": "llamastone_leggings",
    "enableBoots": true,
    "textureBoots": "llamastone_boots",
    "creativeTab": {
      "value": "CUSTOM:Llamacreativetab"
    },
    "armorTextureFile": "llamastone",
    "helmetName": "LlamaStone Helmet",
    "bodyName": "LlamaStone Chestplate",
    "leggingsName": "LlamaStone Leggings",
    "bootsName": "LlamaStone Boots",
    "helmetSpecialInfo": [],
    "bodySpecialInfo": [],
    "leggingsSpecialInfo": [],
    "bootsSpecialInfo": [],
    "helmetModelName": "Default",
    "helmetModelPart": "Helmet",
    "helmetModelTexture": "From armor",
    "bodyModelName": "Default",
    "bodyModelPart": "Body",
    "armsModelPartL": "Arms L",
    "armsModelPartR": "Arms R",
    "bodyModelTexture": "From armor",
    "leggingsModelName": "Default",
    "leggingsModelPartL": "Leggings L",
    "leggingsModelPartR": "Leggings R",
    "leggingsModelTexture": "From armor",
    "bootsModelName": "Default",
    "bootsModelPartL": "Boots L",
    "bootsModelPartR": "Boots R",
    "bootsModelTexture": "From armor",
    "maxDamage": 6,
    "damageValueHelmet": 4,
    "damageValueBody": 7,
    "damageValueLeggings": 8,
    "damageValueBoots": 4,
    "enchantability": 10,
    "toughness": 0.5,
    "equipSound": {
      "value": "block.anvil.hit"
    },
    "repairItems": [
      {
        "value": "CUSTOM:LlamaStoneIngot"
      }
    ]
  }
}