{
  "_fv": 13,
  "_type": "recipe",
  "definition": {
    "recipeType": "Crafting",
    "xpReward": 0.0,
    "cookingTime": 200,
    "recipeRetstackSize": 1,
    "group": "",
    "recipeShapeless": true,
    "recipeSlots": [
      {
        "value": "CUSTOM:Pasta"
      },
      {
        "value": "CUSTOM:Hamsmall"
      },
      {
        "value": "CUSTOM:Peas"
      },
      {
        "value": "Items.EGG"
      },
      {
        "value": ""
      },
      {
        "value": ""
      },
      {
        "value": ""
      },
      {
        "value": ""
      },
      {
        "value": ""
      }
    ],
    "recipeReturnStack": {
      "value": "CUSTOM:Uncookedllamachow"
    },
    "name": "llamachowresapy",
    "namespace": "mod"
  }
}