{
  "_fv": 13,
  "_type": "gun",
  "definition": {
    "renderType": 0,
    "texture": "llama_spit_tex",
    "customModelName": "Normal",
    "name": "Llamaspiter",
    "specialInfo": [],
    "creativeTab": {
      "value": "CUSTOM:Llamacreativetab"
    },
    "stackSize": 1,
    "ammoItem": {
      "value": "CUSTOM:Ivisbullit"
    },
    "shootConstantly": false,
    "usageCount": 100,
    "actionSound": {
      "value": "entity.arrow.shoot"
    },
    "hasGlow": true,
    "animation": "crossbow",
    "enableMeleeDamage": false,
    "damageVsEntity": 0.0,
    "bulletPower": 25.0,
    "bulletDamage": 37.0,
    "bulletKnockback": 2,
    "bulletParticles": true,
    "bulletIgnitesFire": true,
    "bulletItemTexture": {
      "value": "CUSTOM:Ivisbullit"
    },
    "bulletModel": "Default",
    "customBulletModelTexture": "",
    "onBulletHitsBlock": {
      "name": "LlamaspiterBulletHitsBlock"
    },
    "onBulletHitsEntity": {
      "name": "LlamaspiterBulletHitsLivingEntity1"
    }
  }
}