{
  "_fv": 13,
  "_type": "tool",
  "definition": {
    "renderType": 0,
    "texture": "llamastone_pickaxe",
    "customModelName": "Normal",
    "name": "LlamaStone Pickaxe",
    "specialInfo": [],
    "creativeTab": {
      "value": "CUSTOM:Llamacreativetab"
    },
    "toolType": "Pickaxe",
    "harvestLevel": 3,
    "efficiency": 7.0,
    "attackSpeed": 1.0,
    "enchantability": 20,
    "damageVsEntity": 2.0,
    "usageCount": 1356,
    "blocksAffected": [],
    "hasGlow": false,
    "repairItems": [
      {
        "value": "CUSTOM:LlamaStoneIngot"
      }
    ],
    "stayInGridWhenCrafting": false,
    "damageOnCrafting": false
  }
}