{
  "_fv": 13,
  "_type": "recipe",
  "definition": {
    "recipeType": "Smelting",
    "xpReward": 0.06999999999999999,
    "cookingTime": 200,
    "recipeRetstackSize": 1,
    "group": "",
    "recipeShapeless": false,
    "recipeSlots": [
      {
        "value": ""
      },
      {
        "value": ""
      },
      {
        "value": ""
      },
      {
        "value": ""
      },
      {
        "value": ""
      },
      {
        "value": ""
      },
      {
        "value": ""
      },
      {
        "value": ""
      },
      {
        "value": ""
      }
    ],
    "recipeReturnStack": {
      "value": ""
    },
    "smeltingInputStack": {
      "value": "CUSTOM:Llamastone_dustOre"
    },
    "smeltingReturnStack": {
      "value": "CUSTOM:Llamastone_dustDust"
    },
    "name": "llamastone_dust_ore_smelting",
    "namespace": "mod"
  }
}