{
  "_fv": 13,
  "_type": "gun",
  "definition": {
    "renderType": 0,
    "texture": "gunmodle",
    "customModelName": "Normal",
    "name": "Llama gun",
    "specialInfo": [],
    "creativeTab": {
      "value": "CUSTOM:Llamacreativetab"
    },
    "stackSize": 1,
    "ammoItem": {
      "value": "CUSTOM:Bullit"
    },
    "shootConstantly": false,
    "usageCount": 100,
    "actionSound": {
      "value": "block.anvil.break"
    },
    "hasGlow": false,
    "animation": "none",
    "enableMeleeDamage": false,
    "damageVsEntity": 0.0,
    "bulletPower": 25.0,
    "bulletDamage": 10.0,
    "bulletKnockback": 1,
    "bulletParticles": true,
    "bulletIgnitesFire": false,
    "bulletItemTexture": {
      "value": "CUSTOM:Bullit"
    },
    "bulletModel": "Default",
    "customBulletModelTexture": "",
    "onBulletHitsBlock": {
      "name": "LlamagunBulletHitsBlock"
    }
  }
}