{
  "_fv": 13,
  "_type": "tool",
  "definition": {
    "renderType": 0,
    "texture": "llamastone_dust_axe",
    "customModelName": "Normal",
    "name": "Llamastonedust Axe",
    "specialInfo": [],
    "creativeTab": {
      "value": "CUSTOM:Llamacreativetab"
    },
    "toolType": "Axe",
    "harvestLevel": 2,
    "efficiency": 3.0,
    "attackSpeed": 1.0,
    "enchantability": 7,
    "damageVsEntity": 1.0,
    "usageCount": 300,
    "blocksAffected": [],
    "hasGlow": false,
    "repairItems": [
      {
        "value": "CUSTOM:Llamastone_dustDust"
      }
    ],
    "stayInGridWhenCrafting": false,
    "damageOnCrafting": false
  }
}