{
  "_fv": 13,
  "_type": "achievement",
  "definition": {
    "achievementName": "do You like manays",
    "achievementDescription": "swimng in manays",
    "achievementIcon": {
      "value": "CUSTOM:Llamacreativesecrititemllololgetitnow"
    },
    "background": "Default",
    "disableDisplay": false,
    "showPopup": true,
    "announceToChat": true,
    "hideIfNotCompleted": false,
    "rewardLoot": [],
    "rewardRecipes": [],
    "rewardFunction": "No function",
    "rewardXP": 20,
    "achievementType": "task",
    "parent": {
      "value": "No parent: root"
    },
    "triggerxml": "<xml xmlns=\"https://developers.google.com/blockly/xml\"><block type=\"biome_entered\" x=\"45\" y=\"46\"><field name=\"biome\">roofed_forest</field><next><block type=\"advancement_trigger\" deletable=\"false\"></block></next></block></xml>"
  }
}