{
  "_fv": 13,
  "_type": "plant",
  "definition": {
    "renderType": 12,
    "texture": "pea_plant",
    "textureBottom": "",
    "customModelName": "Cross model",
    "itemTexture": "",
    "particleTexture": "",
    "plantType": "normal",
    "staticPlantGenerationType": "Flower",
    "growapableSpawnType": "Plains",
    "growapableMaxHeight": 3,
    "doublePlantGenerationType": "Flower",
    "name": "Peaplant",
    "specialInfo": [],
    "creativeTab": {
      "value": "CUSTOM:Llamacreativetab"
    },
    "hardness": 0.0,
    "resistance": 0.0,
    "luminance": 0.0,
    "unbreakable": false,
    "soundOnStep": {
      "value": "STEM"
    },
    "useLootTableForDrops": false,
    "customDrop": {
      "value": "CUSTOM:Peas"
    },
    "dropAmount": 3,
    "forceTicking": false,
    "emissiveRendering": false,
    "hasTileEntity": false,
    "isReplaceable": false,
    "colorOnMap": "DEFAULT",
    "creativePickItem": {
      "value": "CUSTOM:Peaplant"
    },
    "offsetType": "XZ",
    "aiPathNodeType": "DEFAULT",
    "flammability": 100,
    "fireSpreadSpeed": 60,
    "frequencyOnChunks": 5,
    "spawnWorldTypes": [
      "Surface"
    ],
    "restrictionBiomes": [],
    "onEntityCollides": {
      "name": "PeaplantMobplayerCollidesWithPlant"
    }
  }
}