{
  "group": "llama_mod",
  "type": "minecraft:crafting_shaped",
  "pattern": [
    "01",
    "23",
    " 5"
  ],
  "key": {
    "0": {
      "item": "llama_mod:llamastone_dust_dust"
    },
    "1": {
      "item": "llama_mod:llamastone_dust_dust"
    },
    "2": {
      "item": "llama_mod:llamastone_dust_dust"
    },
    "3": {
      "item": "minecraft:stick"
    },
    "5": {
      "item": "minecraft:stick"
    }
  },
  "result": {
    "item": "llama_mod:llamastone_dust_axe",
    "count": 1
  }
}